accounts,results
8^8,16777216
5^5,3125
9-9--9,9
8*6,48
9^8,43046721
79-9,70
1.1*1,1.1
1/3,0.3333333333333333
1/3,0.3333333333333333
2^0.5,1.4142135623730951
1.4142135623730951*2^0.5,2.0000000000000004
2^0.5,1.4142135623730951
1.4142135623730951*2^0.5,2.0000000000000004
10^17,100000000000000000
9^9,387420489
